Game Name, Month, Day, Year, Num1, Num2, Num3, Num4, Num5, Powerball, Power Play
Powerball,2,3,2010,37,52,22,36,17,24,2
Powerball,2,6,2010,22,54,52,14,59,4,3
Powerball,2,10,2010,29,8,37,38,5,34,5
Powerball,2,13,2010,14,10,40,51,30,1,4
Powerball,2,17,2010,36,7,26,8,19,15,3
Powerball,2,20,2010,13,54,41,37,27,32,2
Powerball,2,24,2010,50,17,57,35,4,12,2
Powerball,2,27,2010,47,18,58,53,51,30,2
Powerball,3,3,2010,14,49,9,7,45,23,4
Powerball,3,6,2010,41,33,10,59,29,15,2
Powerball,3,10,2010,41,37,17,50,21,1,2
Powerball,3,13,2010,16,36,20,6,31,8,5
Powerball,3,17,2010,55,26,48,45,24,8,2
Powerball,3,20,2010,9,36,44,45,39,9,2
Powerball,3,24,2010,14,49,39,24,20,7,3
Powerball,3,27,2010,21,7,32,52,44,10,4
Powerball,3,31,2010,13,45,54,5,17,12,5
Powerball,4,3,2010,15,59,52,10,31,4,4
Powerball,4,7,2010,36,52,44,4,40,33,2
Powerball,4,10,2010,21,22,52,49,58,34,2
Powerball,4,14,2010,14,6,32,52,38,20,3
Powerball,4,17,2010,22,41,49,21,5,15,5
Powerball,4,21,2010,11,34,55,41,49,20,2
Powerball,4,24,2010,57,56,1,53,12,5,2
Powerball,4,28,2010,28,44,12,22,25,24,4
Powerball,5,1,2010,23,25,16,49,58,20,4
Powerball,5,5,2010,47,13,34,40,57,11,4
Powerball,5,8,2010,41,5,57,34,22,31,5
Powerball,5,12,2010,52,58,53,37,51,38,2
Powerball,5,15,2010,28,15,36,23,21,20,2
Powerball,5,19,2010,7,58,55,29,2,27,3
Powerball,5,22,2010,20,19,47,57,40,29,2
Powerball,5,26,2010,6,20,10,1,13,32,4
Powerball,5,29,2010,24,3,28,1,41,10,4
Powerball,6,2,2010,39,14,43,9,4,38,4
Powerball,6,5,2010,18,34,40,59,48,25,4
Powerball,6,9,2010,22,49,27,14,32,5,4
Powerball,6,12,2010,38,13,12,9,35,30,10
Powerball,6,16,2010,29,18,11,36,8,6,5
Powerball,6,19,2010,54,31,9,30,50,39,3
Powerball,6,23,2010,48,11,45,30,47,10,3
Powerball,6,26,2010,57,30,13,38,32,25,4
Powerball,6,30,2010,38,43,6,48,47,27,5
Powerball,7,3,2010,52,53,3,14,10,3,3
Powerball,7,7,2010,10,41,44,56,48,4,2
Powerball,7,10,2010,28,21,20,56,27,4,4
Powerball,7,14,2010,21,23,38,20,42,6,3
Powerball,7,17,2010,27,37,22,45,35,3,4
Powerball,7,21,2010,16,58,22,30,51,25,3
Powerball,7,24,2010,59,30,46,38,20,27,2
Powerball,7,28,2010,1,11,20,27,25,2,5
Powerball,7,31,2010,1,57,16,41,17,15,3
Powerball,8,4,2010,53,30,19,37,28,36,4
Powerball,8,7,2010,52,26,31,22,4,30,5
Powerball,8,11,2010,22,52,10,23,7,29,2
Powerball,8,14,2010,58,50,36,9,33,31,2
Powerball,8,18,2010,47,4,33,32,55,39,3
Powerball,8,21,2010,7,22,10,27,12,26,2
Powerball,8,25,2010,17,36,29,16,31,23,3
Powerball,8,28,2010,32,56,4,27,22,13,4
Powerball,9,1,2010,40,20,21,17,51,19,3
Powerball,9,4,2010,33,22,42,14,11,38,2
Powerball,9,8,2010,10,57,51,35,39,20,5
Powerball,9,11,2010,36,20,59,17,7,33,4
Powerball,9,15,2010,7,20,21,34,43,34,5
Powerball,9,18,2010,18,44,1,39,37,13,4
Powerball,9,22,2010,10,36,52,24,55,15,5
Powerball,9,25,2010,8,35,27,16,42,30,2
Powerball,9,29,2010,52,13,55,44,51,30,4
Powerball,10,2,2010,30,12,36,20,47,25,4
Powerball,10,6,2010,26,41,14,37,46,24,5
Powerball,10,9,2010,42,32,49,6,2,35,3
Powerball,10,13,2010,46,34,32,22,12,2,4
Powerball,10,16,2010,28,16,12,11,15,11,2
Powerball,10,20,2010,20,39,7,17,59,17,3
Powerball,10,23,2010,20,2,46,7,16,34,4
Powerball,10,27,2010,25,24,20,59,53,15,5
Powerball,10,30,2010,49,7,27,1,36,39,5
Powerball,11,3,2010,34,45,38,39,50,33,2
Powerball,11,6,2010,7,12,23,34,38,33,4
Powerball,11,10,2010,5,8,44,40,11,10,4
Powerball,11,13,2010,30,51,17,48,54,29,5
Powerball,11,17,2010,14,59,54,53,16,5,3
Powerball,11,20,2010,12,10,38,53,57,1,5
Powerball,11,24,2010,20,8,21,37,32,4,3
Powerball,11,27,2010,47,37,30,54,10,39,5
Powerball,12,1,2010,10,5,12,11,20,2,3
Powerball,12,4,2010,27,24,42,31,13,22,5
Powerball,12,8,2010,25,8,11,58,41,16,4
Powerball,12,11,2010,1,8,19,10,20,23,2
Powerball,12,15,2010,32,18,45,10,11,18,5
Powerball,12,18,2010,43,19,4,11,33,14,4
Powerball,12,22,2010,33,11,44,47,46,12,2
Powerball,12,25,2010,52,50,1,38,17,24,2
Powerball,12,29,2010,18,37,20,16,3,30,2
Powerball,1,1,2011,37,47,18,22,54,36,2
Powerball,1,5,2011,40,22,32,26,38,7,5
Powerball,1,8,2011,7,52,6,33,26,24,2
Powerball,1,12,2011,48,23,40,21,19,27,4
Powerball,1,15,2011,22,13,9,37,23,31,3
Powerball,1,19,2011,36,51,56,22,59,32,3
Powerball,1,22,2011,34,30,51,31,45,23,2
Powerball,1,26,2011,4,47,58,5,36,6,3
Powerball,1,29,2011,28,45,24,52,49,2,4
Powerball,2,2,2011,33,57,53,3,14,36,4
Powerball,2,5,2011,15,41,59,37,56,5,5
Powerball,2,9,2011,51,39,42,11,7,30,4
Powerball,2,12,2011,32,52,36,48,11,19,4
Powerball,2,16,2011,23,48,21,9,13,24,2
Powerball,2,19,2011,12,34,3,42,37,36,5
Powerball,2,23,2011,32,36,39,29,49,29,3
Powerball,2,26,2011,4,45,21,17,13,10,5
Powerball,3,2,2011,50,58,7,31,51,6,2
Powerball,3,5,2011,42,31,23,48,2,21,2
Powerball,3,9,2011,12,20,28,40,48,8,2
Powerball,3,12,2011,4,41,1,12,47,3,4
Powerball,3,16,2011,53,28,48,39,40,9,3
Powerball,3,19,2011,11,20,46,27,3,8,2
Powerball,3,23,2011,15,28,5,26,32,9,2
Powerball,3,26,2011,10,4,11,33,19,27,4
Powerball,3,30,2011,58,56,20,19,42,37,4
Powerball,4,2,2011,43,22,34,6,45,23,2
Powerball,4,6,2011,56,18,55,10,41,15,2
Powerball,4,9,2011,53,5,56,14,32,11,4
Powerball,4,13,2011,4,49,39,50,23,39,3
Powerball,4,16,2011,21,55,33,45,44,7,5
Powerball,4,20,2011,9,24,43,34,36,27,3
Powerball,4,23,2011,58,11,3,48,47,19,3
Powerball,4,27,2011,40,44,55,24,4,5,2
Powerball,4,30,2011,41,15,6,13,32,3,2
Powerball,5,4,2011,15,41,29,27,3,24,4
Powerball,5,7,2011,11,55,47,2,27,15,4
Powerball,5,11,2011,43,32,9,45,17,31,3
Powerball,5,14,2011,40,18,17,8,44,16,2
Powerball,5,18,2011,7,12,42,49,13,16,4
Powerball,5,21,2011,8,49,2,40,50,36,3
Powerball,5,25,2011,50,4,31,42,23,23,2
Powerball,5,28,2011,43,12,20,51,55,11,4
Powerball,6,1,2011,56,38,46,8,18,31,4
Powerball,6,4,2011,17,58,39,19,41,21,5
Powerball,6,8,2011,53,37,14,44,45,29,5
Powerball,6,11,2011,50,16,18,36,27,8,3
Powerball,6,15,2011,41,43,20,19,38,29,4
Powerball,6,18,2011,22,38,21,12,41,18,2
Powerball,6,22,2011,59,12,46,19,15,12,4
Powerball,6,25,2011,18,39,57,36,41,12,4
Powerball,6,29,2011,30,24,57,59,45,26,3
Powerball,7,2,2011,11,29,1,51,18,32,3
Powerball,7,6,2011,55,50,24,11,15,8,2
Powerball,7,9,2011,31,9,23,1,11,6,3
Powerball,7,13,2011,54,18,8,19,32,8,4
Powerball,7,16,2011,28,48,54,24,50,25,3
Powerball,7,20,2011,40,42,38,1,4,17,4
Powerball,7,23,2011,38,1,48,27,7,30,3
Powerball,7,27,2011,40,51,59,41,38,33,2
Powerball,7,30,2011,55,20,40,47,41,19,2
Powerball,8,3,2011,49,19,13,28,21,11,2
Powerball,8,6,2011,57,59,54,25,30,6,3
Powerball,8,10,2011,46,41,36,18,11,38,4
Powerball,8,13,2011,35,9,50,12,58,4,2
Powerball,8,17,2011,31,28,48,18,52,37,4
Powerball,8,20,2011,23,2,47,28,17,36,2
Powerball,8,24,2011,49,53,13,9,47,39,5
Powerball,8,27,2011,2,54,12,58,25,14,3
Powerball,8,31,2011,19,35,57,47,13,29,5
Powerball,9,3,2011,15,52,25,53,54,2,5
Powerball,9,7,2011,54,3,5,27,18,13,4
Powerball,9,10,2011,32,53,22,4,19,24,4
Powerball,9,14,2011,16,50,42,59,41,5,3
Powerball,9,17,2011,43,22,6,20,32,11,2
Powerball,9,21,2011,47,52,55,48,12,13,4
Powerball,9,24,2011,27,12,3,4,44,26,5
Powerball,9,28,2011,41,51,30,50,53,8,2
Powerball,10,1,2011,27,43,12,23,1,31,3
Powerball,10,5,2011,46,7,43,54,20,17,4
Powerball,10,8,2011,35,3,37,27,45,31,5
Powerball,10,12,2011,43,10,12,23,47,18,3
Powerball,10,15,2011,38,24,5,10,43,1,4
Powerball,10,19,2011,26,35,16,52,58,2,5
Powerball,10,22,2011,8,3,23,30,58,13,4
Powerball,10,26,2011,39,21,1,18,55,6,3
Powerball,10,29,2011,11,40,16,51,56,38,5
Powerball,11,2,2011,12,39,14,46,34,36,4
Powerball,11,5,2011,43,39,2,33,40,26,3
Powerball,11,9,2011,58,59,35,5,57,12,3
Powerball,11,12,2011,56,4,35,51,36,8,5
Powerball,11,16,2011,22,25,39,13,51,28,2
Powerball,11,19,2011,16,9,17,28,30,11,3
Powerball,11,23,2011,30,35,57,4,59,25,2
Powerball,11,26,2011,55,20,37,45,39,28,2
Powerball,11,30,2011,47,6,2,34,35,22,2
Powerball,12,3,2011,18,5,33,43,45,8,3
Powerball,12,7,2011,39,20,14,40,3,37,2
Powerball,12,10,2011,33,41,4,19,59,9,5
Powerball,12,14,2011,46,52,24,56,2,19,5
Powerball,12,17,2011,59,28,51,13,49,33,4
Powerball,12,21,2011,31,15,13,54,10,18,5
Powerball,12,24,2011,52,51,16,14,30,19,2
Powerball,12,28,2011,16,27,45,41,21,14,2
Powerball,12,31,2011,5,25,40,23,28,34,4
Powerball,1,4,2012,50,35,21,47,46,2,4
Powerball,1,7,2012,3,24,38,21,39,24,5
Powerball,1,11,2012,47,5,29,45,19,25,2
Powerball,1,14,2012,41,30,10,36,38,1,5
Powerball,1,18,2012,50,34,29,6,44,28
Powerball,1,21,2012,44,12,43,24,45,7
Powerball,1,25,2012,28,19,29,47,4,5
Powerball,1,28,2012,41,54,59,33,5,13
Powerball,2,1,2012,8,13,59,17,34,35
Powerball,2,4,2012,23,56,43,45,15,7
Powerball,2,8,2012,38,51,17,28,39,33
Powerball,2,11,2012,37,52,10,1,57,11
Powerball,2,15,2012,12,11,32,56,52,11
Powerball,2,18,2012,23,50,28,59,56,5
Powerball,2,22,2012,17,39,16,7,51,32
Powerball,2,25,2012,54,11,6,42,53,7
Powerball,2,29,2012,26,1,11,4,23,14
Powerball,3,3,2012,47,30,29,49,45,35
Powerball,3,7,2012,45,35,47,46,12,12
Powerball,3,10,2012,5,41,20,14,17,5
Powerball,3,14,2012,1,8,59,46,41,24
Powerball,3,17,2012,11,55,58,14,49,30
Powerball,3,21,2012,32,43,53,55,56,6
Powerball,3,24,2012,15,37,35,1,47,8
Powerball,3,28,2012,50,58,16,29,11,33
Powerball,3,31,2012,14,5,58,54,36,27
Powerball,4,4,2012,33,24,49,45,1,6
Powerball,4,7,2012,13,30,5,20,17,18
Powerball,4,11,2012,44,42,16,47,23,2
Powerball,4,14,2012,15,16,19,14,24,2
Powerball,4,18,2012,22,39,49,46,20,29
Powerball,4,21,2012,8,42,51,20,6,16
Powerball,4,25,2012,29,43,25,4,34,29
Powerball,4,28,2012,57,40,58,31,39,33
Powerball,5,2,2012,7,33,50,38,8,29
Powerball,5,5,2012,12,59,44,20,9,23
Powerball,5,9,2012,56,7,1,11,55,1
Powerball,5,12,2012,35,24,58,53,10,22
Powerball,5,16,2012,21,43,28,3,7,2
Powerball,5,19,2012,46,13,8,51,35,30
Powerball,5,23,2012,59,7,53,26,4,32
Powerball,5,26,2012,49,59,13,41,14,14
Powerball,5,30,2012,10,56,9,24,52,14
Powerball,6,2,2012,17,45,10,29,9,33
Powerball,6,6,2012,59,48,19,33,30,27
Powerball,6,9,2012,56,45,57,22,18,27
Powerball,6,13,2012,14,57,33,10,7,18
Powerball,6,16,2012,14,16,27,15,8,26
Powerball,6,20,2012,17,11,29,56,57,14
Powerball,6,23,2012,44,1,53,3,41,30
Powerball,6,27,2012,58,34,6,46,40,6
Powerball,6,30,2012,20,7,15,41,44,22
Powerball,7,4,2012,35,19,14,39,56,33
Powerball,7,7,2012,5,3,29,59,39,29
Powerball,7,11,2012,5,36,49,55,22,23
Powerball,7,14,2012,4,46,16,37,32,13
Powerball,7,18,2012,5,2,57,23,20,3
Powerball,7,21,2012,9,54,38,56,31,20
Powerball,7,25,2012,14,3,46,38,35,16
Powerball,7,28,2012,6,50,5,36,13,13
Powerball,8,1,2012,58,3,56,48,16,4
Powerball,8,4,2012,55,30,53,48,19,18
Powerball,8,8,2012,7,15,3,11,28,12
Powerball,8,11,2012,51,13,46,39,4,1
Powerball,8,15,2012,56,27,46,6,51,21
Powerball,8,18,2012,55,41,26,14,59,1
Powerball,8,22,2012,47,31,22,29,55,19
Powerball,8,25,2012,7,20,6,1,49,23
Powerball,8,29,2012,49,54,28,25,56,28
Powerball,9,1,2012,8,44,21,11,49,22
Powerball,9,5,2012,42,4,26,51,19,29
Powerball,9,8,2012,34,44,20,48,6,29
Powerball,9,12,2012,48,56,24,36,33,6
Powerball,9,15,2012,43,26,3,20,48,1
Powerball,9,19,2012,50,1,8,39,5,23
Powerball,9,22,2012,40,42,18,16,2,33
Powerball,9,26,2012,41,26,42,13,39,10
Powerball,9,29,2012,57,14,29,18,28,8
Powerball,10,3,2012,55,23,17,59,36,10
Powerball,10,6,2012,36,59,26,15,34,35
Powerball,10,10,2012,35,18,43,29,26,28
Powerball,10,13,2012,5,2,26,25,49,18
Powerball,10,17,2012,42,23,10,7,1,35
Powerball,10,20,2012,4,28,31,44,21,10
Powerball,10,24,2012,18,50,23,3,21,4
Powerball,10,27,2012,34,56,36,32,22,33
Powerball,10,31,2012,45,31,1,48,27,5
Powerball,11,3,2012,54,4,7,9,30,25
Powerball,11,7,2012,32,45,34,52,58,20
Powerball,11,10,2012,55,32,50,54,42,32
Powerball,11,14,2012,44,10,58,8,30,13
Powerball,11,17,2012,15,59,27,58,3,20
Powerball,11,21,2012,24,30,8,18,39,26
Powerball,11,24,2012,22,32,37,44,50,34
Powerball,11,28,2012,5,23,16,22,29,6
Powerball,12,1,2012,46,10,3,19,36,3
Powerball,12,5,2012,27,19,38,13,17,12
Powerball,12,8,2012,23,40,53,26,7,21
Powerball,12,12,2012,36,25,44,8,10,28
Powerball,12,15,2012,40,23,44,55,15,14
Powerball,12,19,2012,23,20,5,30,8,3
Powerball,12,22,2012,18,44,35,39,1,11
Powerball,12,26,2012,54,43,13,11,23,4
Powerball,12,29,2012,55,52,46,50,36,14
Powerball,1,2,2013,20,18,53,28,35,20
Powerball,1,5,2013,30,49,54,26,51,25
Powerball,1,9,2013,11,20,13,27,59,26
Powerball,1,12,2013,47,21,23,14,10,7
Powerball,1,16,2013,51,21,32,28,9,35
Powerball,1,19,2013,29,8,28,34,38,35
Powerball,1,23,2013,24,43,11,12,45,9
Powerball,1,26,2013,22,49,41,26,3,18
Powerball,1,30,2013,47,16,14,32,52,16
Powerball,2,2,2013,41,33,16,40,11,34
Powerball,2,6,2013,36,38,5,27,41,12
Powerball,2,9,2013,58,36,16,6,5,3
Powerball,2,13,2013,12,43,27,25,23,29
Powerball,2,16,2013,58,16,15,46,50,29
Powerball,2,20,2013,25,3,32,17,19,17
Powerball,2,23,2013,41,31,39,2,5,29
Powerball,2,27,2013,48,20,14,34,3,21
Powerball,3,2,2013,56,13,8,41,3,16
Powerball,3,6,2013,45,10,6,23,41,1
Powerball,3,9,2013,46,52,37,10,40,12
Powerball,3,13,2013,38,9,32,28,5,29
Powerball,3,16,2013,44,53,7,21,3,16
Powerball,3,20,2013,43,17,14,13,54,15
Powerball,3,23,2013,29,53,52,17,31,31
Powerball,3,27,2013,43,48,7,37,52,16
Powerball,3,30,2013,23,46,11,26,55,27
Powerball,4,3,2013,35,8,12,1,6,3
Powerball,4,6,2013,39,29,4,8,7,24
Powerball,4,10,2013,40,1,52,36,53,20
Powerball,4,13,2013,10,57,31,12,56,33
Powerball,4,17,2013,58,18,48,13,36,28
Powerball,4,20,2013,6,39,8,30,48,20
Powerball,4,24,2013,9,59,31,56,19,2
Powerball,4,27,2013,55,54,48,23,3,5
Powerball,5,1,2013,31,22,55,26,54,18
Powerball,5,4,2013,26,36,40,7,12,17
Powerball,5,8,2013,21,57,26,22,30,27
Powerball,5,11,2013,6,23,19,43,13,16
Powerball,5,15,2013,2,34,11,41,26,32
Powerball,5,18,2013,22,10,13,14,52,11
Powerball,5,22,2013,31,35,41,9,57,26
Powerball,5,25,2013,27,21,19,6,2,25
Powerball,5,29,2013,49,14,9,17,57,2
Powerball,6,1,2013,33,53,59,22,28,14
Powerball,6,5,2013,4,36,26,33,55,32
Powerball,6,8,2013,2,26,11,32,22,19
Powerball,6,12,2013,22,16,42,23,55,32
Powerball,6,15,2013,48,55,28,40,36,1
Powerball,6,19,2013,57,47,46,52,7,17
Powerball,6,22,2013,33,57,19,23,13,28
Powerball,6,26,2013,1,46,39,33,18,33
Powerball,6,29,2013,28,8,56,53,30,16
Powerball,7,3,2013,40,6,51,29,3,4
Powerball,7,6,2013,52,2,36,35,13,11
Powerball,7,10,2013,55,45,31,30,59,27
Powerball,7,13,2013,8,37,2,35,22,6
Powerball,7,17,2013,22,1,42,38,34,17
Powerball,7,20,2013,14,27,58,25,38,6
Powerball,7,24,2013,44,29,54,40,9,7
Powerball,7,27,2013,58,53,40,23,9,6
Powerball,7,31,2013,8,24,59,39,49,5
Powerball,8,3,2013,24,36,21,45,42,15
Powerball,8,7,2013,58,5,25,59,30,32
Powerball,8,10,2013,37,58,14,4,12,13
Powerball,8,14,2013,17,43,11,4,51,20
Powerball,8,17,2013,18,54,56,21,46,23
Powerball,8,21,2013,30,48,42,46,40,23
Powerball,8,24,2013,45,17,59,12,25,19
Powerball,8,28,2013,32,19,7,9,6,13
Powerball,8,31,2013,40,25,7,56,2,20
Powerball,9,4,2013,2,45,26,9,47,11
Powerball,9,7,2013,2,22,19,45,26,24
Powerball,9,11,2013,19,33,42,52,11,33
Powerball,9,14,2013,1,25,44,17,37,20
Powerball,9,18,2013,7,10,35,32,22,19
Powerball,9,21,2013,58,54,45,17,12,13
Powerball,9,25,2013,49,7,17,53,2,23
Powerball,9,28,2013,47,53,14,52,54,5
Powerball,10,2,2013,6,51,42,4,25,17
Powerball,10,5,2013,11,39,40,17,12,5
Powerball,10,9,2013,9,38,3,33,19,18
Powerball,10,12,2013,10,58,26,57,8,4
Powerball,10,16,2013,3,42,26,34,28,28
Powerball,10,19,2013,33,9,56,54,57,5
Powerball,10,23,2013,47,34,23,31,3,13
Powerball,10,26,2013,56,6,4,34,49,29
Powerball,10,30,2013,54,2,49,36,40,10
Powerball,11,2,2013,27,40,13,23,24,17
Powerball,11,6,2013,49,1,5,10,15,22
Powerball,11,9,2013,37,56,3,49,9,32
Powerball,11,13,2013,31,5,55,50,56,9
Powerball,11,16,2013,29,37,59,10,44,10
Powerball,11,20,2013,32,4,45,23,18,7
Powerball,11,23,2013,12,52,55,43,5,10
Powerball,11,27,2013,57,25,18,55,50,17
Powerball,11,30,2013,26,5,45,44,57,29
Powerball,12,4,2013,9,6,11,44,31,25
Powerball,12,7,2013,45,13,48,32,20,17
Powerball,12,11,2013,10,18,19,1,13,27
Powerball,12,14,2013,33,41,25,14,32,34
Powerball,12,18,2013,39,7,40,24,37,1
Powerball,12,21,2013,36,51,45,25,40,8
Powerball,12,25,2013,38,56,28,39,23,32
Powerball,12,28,2013,56,51,35,44,8,18
Powerball,1,1,2014,52,48,15,24,40,23
Powerball,1,4,2014,19,58,37,20,41,14
Powerball,1,8,2014,39,28,58,47,10,22
Powerball,1,11,2014,54,15,48,33,10,34
Powerball,1,15,2014,29,8,9,7,24,25
Powerball,1,18,2014,38,14,13,19,31,25
Powerball,1,22,2014,55,2,7,1,9,29,3
Powerball,1,25,2014,57,8,55,12,18,2,2
Powerball,1,29,2014,47,23,11,28,32,20,2
Powerball,2,1,2014,12,15,38,5,27,7,2
Powerball,2,5,2014,8,57,17,59,32,24,3
Powerball,2,8,2014,54,37,34,25,24,29,2
Powerball,2,12,2014,52,49,36,57,44,1,2
Powerball,2,15,2014,9,23,2,14,21,3,3
Powerball,2,19,2014,17,49,54,35,1,34,3
Powerball,2,22,2014,13,2,54,14,3,4,5
Powerball,2,26,2014,42,11,12,38,17,2,2
Powerball,3,1,2014,3,8,25,47,30,13,4
Powerball,3,5,2014,26,3,9,7,54,19,2
Powerball,3,8,2014,14,24,32,41,10,30,2
Powerball,3,12,2014,28,54,14,15,37,10,2
Powerball,3,15,2014,34,5,51,2,58,9,4
Powerball,3,19,2014,34,23,43,19,2,14,2
Powerball,3,22,2014,55,13,28,58,31,15,2
Powerball,3,26,2014,33,41,59,44,28,21,2
Powerball,3,29,2014,3,12,27,38,2,17,2
Powerball,4,2,2014,19,22,13,53,8,24,2
Powerball,4,5,2014,26,11,21,34,33,29,5
Powerball,4,9,2014,49,14,48,9,44,29,2
Powerball,4,12,2014,26,45,14,55,54,20,2
Powerball,4,16,2014,42,34,59,39,44,8,3
Powerball,4,19,2014,35,6,51,5,29,21,5
Powerball,4,23,2014,29,48,36,19,25,12,4
Powerball,4,26,2014,30,3,22,7,33,20,3
Powerball,4,30,2014,9,2,19,50,11,32,3
Powerball,5,3,2014,15,5,46,49,16,26,4
Powerball,5,7,2014,48,31,17,49,29,34,2
Powerball,5,10,2014,41,47,55,31,4,1,2
Powerball,5,14,2014,55,7,52,33,39,33,3
Powerball,5,17,2014,32,23,47,39,49,22,3
Powerball,5,21,2014,20,34,58,4,39,31,5
Powerball,5,24,2014,55,15,49,16,28,18,2
Powerball,5,28,2014,24,2,28,32,59,25,3
Powerball,5,31,2014,34,15,48,27,31,1,2
Powerball,6,4,2014,22,7,1,10,49,24,3
Powerball,6,7,2014,58,30,35,28,59,15,2
Powerball,6,11,2014,14,25,33,18,49,23,5
Powerball,6,14,2014,33,54,42,9,45,30,3
Powerball,6,18,2014,6,52,59,29,9,7,3
Powerball,6,21,2014,41,6,54,5,37,26,3
Powerball,6,25,2014,50,53,10,20,25,35,4
Powerball,6,28,2014,56,8,12,43,34,9,2
Powerball,7,2,2014,58,18,53,8,45,35,2
Powerball,7,5,2014,34,58,24,36,57,11,4
Powerball,7,9,2014,9,55,42,25,57,14,2
Powerball,7,12,2014,23,7,2,3,51,26,2
Powerball,7,16,2014,5,32,26,18,15,35,3
Powerball,7,19,2014,10,53,17,25,45,9,2
Powerball,7,23,2014,22,12,4,31,10,3,5
Powerball,7,26,2014,38,39,28,24,30,16,2
Powerball,7,30,2014,49,13,30,53,42,29,3
Powerball,8,2,2014,12,46,44,47,26,29,2
Powerball,8,6,2014,49,1,8,24,28,24,5
Powerball,8,9,2014,34,12,31,51,3,24,2
Powerball,8,13,2014,37,8,40,52,39,24,2
Powerball,8,16,2014,7,8,17,59,48,9,2
Powerball,8,20,2014,21,40,8,38,4,3,2
Powerball,8,23,2014,52,28,36,32,35,31,3
Powerball,8,27,2014,24,17,45,46,26,19,3
Powerball,8,30,2014,5,52,28,59,31,27,2
Powerball,9,3,2014,43,2,51,45,16,35,3
Powerball,9,6,2014,29,43,31,50,9,18,2
Powerball,9,10,2014,14,39,2,40,43,13,5
Powerball,9,13,2014,37,6,1,53,16,27,3
Powerball,9,17,2014,36,18,25,50,48,23,2
Powerball,9,20,2014,23,22,30,39,37,16,4
Powerball,9,24,2014,7,14,24,41,21,26,4
Powerball,9,27,2014,54,11,52,35,2,13,3
Powerball,10,1,2014,20,1,45,18,4,7,2
Powerball,10,4,2014,13,33,18,24,25,31,2
Powerball,10,8,2014,46,50,16,31,5,18,3
Powerball,10,11,2014,37,39,38,19,10,28,2
Powerball,10,15,2014,5,7,28,27,19,20,2
Powerball,10,18,2014,36,20,54,27,26,19,2
Powerball,10,22,2014,40,42,30,29,50,16,2
Powerball,10,25,2014,54,57,51,6,10,12,2
Powerball,10,29,2014,48,28,59,25,57,16,3
Powerball,11,1,2014,1,38,25,13,3,17,2
Powerball,11,5,2014,19,2,11,21,42,34,3
Powerball,11,8,2014,9,33,19,38,54,15,3
Powerball,11,12,2014,55,37,39,52,51,11,3
Powerball,11,15,2014,35,16,33,51,13,28,2
Powerball,11,19,2014,38,6,36,48,51,17,2
Powerball,11,22,2014,54,53,23,57,49,35,2
Powerball,11,26,2014,46,17,22,16,54,35,5
Powerball,11,29,2014,13,30,24,42,48,27,2
Powerball,12,3,2014,54,30,32,46,25,26,3
Powerball,12,6,2014,43,22,49,15,12,14,2
Powerball,12,10,2014,48,34,55,44,54,10,2
Powerball,12,13,2014,5,13,43,55,28,33,3
Powerball,12,17,2014,47,31,48,38,22,15,3
Powerball,12,20,2014,19,15,56,31,14,5,5
Powerball,12,24,2014,46,11,12,47,50,22,4
Powerball,12,27,2014,36,14,10,11,7,15,2
Powerball,12,31,2014,40,27,17,53,37,35,2
Powerball,1,3,2015,4,43,46,55,18,25,3
Powerball,1,7,2015,47,49,59,15,14,10,2
Powerball,1,10,2015,19,9,29,2,28,19,5
Powerball,1,14,2015,10,4,53,2,41,22,5
Powerball,1,17,2015,15,27,23,36,16,9,2
Powerball,1,21,2015,57,12,28,15,11,23,4
Powerball,1,24,2015,19,16,20,33,29,10,2
Powerball,1,28,2015,49,24,12,36,35,1,5
Powerball,1,31,2015,16,5,50,11,26,34,2
Powerball,2,4,2015,51,52,36,24,56,22,2
Powerball,2,7,2015,34,58,5,21,10,33,5
Powerball,2,11,2015,25,11,54,13,39,19,3
Powerball,2,14,2015,44,45,1,24,51,28,2
Powerball,2,18,2015,29,1,49,9,32,22,2
Powerball,2,21,2015,18,51,14,34,10,26,2
Powerball,2,25,2015,39,17,21,32,19,8,3
Powerball,2,28,2015,25,28,11,17,46,12,2
Powerball,3,4,2015,8,35,15,12,50,32,2
Powerball,3,7,2015,50,42,36,38,34,33,4
Powerball,3,11,2015,24,44,31,11,40,27,2
Powerball,3,14,2015,46,47,8,14,39,18,2
Powerball,3,18,2015,30,47,33,25,14,8,2
Powerball,3,21,2015,30,38,16,11,42,7,4
Powerball,3,25,2015,54,23,19,7,50,14,2
Powerball,3,28,2015,38,2,12,4,6,17,3
Powerball,4,1,2015,44,39,30,33,2,1,3
Powerball,4,4,2015,41,33,39,54,40,28,3
Powerball,4,8,2015,1,19,45,58,46,29,2
Powerball,4,11,2015,58,1,32,42,12,12,2
Powerball,4,15,2015,1,21,29,16,40,30,3
Powerball,4,18,2015,31,22,13,23,29,17,3
Powerball,4,22,2015,25,10,14,39,53,18,2
Powerball,4,25,2015,45,21,35,33,38,12,2
Powerball,4,29,2015,26,1,38,34,51,6,3
Powerball,5,2,2015,2,31,6,11,30,33,3
Powerball,5,6,2015,24,41,39,23,27,30,5
Powerball,5,9,2015,58,4,17,35,15,17,3
Powerball,5,13,2015,31,29,1,47,25,7,3
Powerball,5,16,2015,48,24,38,52,29,32,2
Powerball,5,20,2015,12,1,44,28,35,25,3
Powerball,5,23,2015,31,9,43,17,15,16,4
Powerball,5,27,2015,8,15,59,34,53,23,2
Powerball,5,30,2015,57,25,8,56,9,22,2
Powerball,6,3,2015,6,40,37,13,8,11,2
Powerball,6,6,2015,18,43,13,8,27,15,4
Powerball,6,10,2015,49,32,31,53,48,25,2
Powerball,6,13,2015,41,29,52,54,48,29,2
Powerball,6,17,2015,22,20,21,54,41,7,3
Powerball,6,20,2015,20,16,10,57,9,15,2
Powerball,6,24,2015,5,10,3,22,32,7,4
Powerball,6,27,2015,35,18,46,49,28,27,5
Powerball,7,1,2015,24,41,31,26,7,25,2
Powerball,7,4,2015,24,18,6,3,14,21,3
Powerball,7,8,2015,30,27,25,15,4,18,3
Powerball,7,11,2015,46,39,52,11,54,3,2
Powerball,7,15,2015,45,34,13,50,16,11,2
Powerball,7,18,2015,39,6,37,45,55,33,3
Powerball,7,22,2015,31,12,57,44,43,11,2
Powerball,7,25,2015,27,44,41,29,34,2,3
Powerball,7,29,2015,4,52,22,27,28,35,3
Powerball,8,1,2015,13,7,49,24,57,15,3
Powerball,8,5,2015,42,14,9,16,11,19,2
Powerball,8,8,2015,34,48,54,52,9,15,4
Powerball,8,12,2015,29,38,8,13,52,28,2
Powerball,8,15,2015,3,17,13,52,42,24,4
Powerball,8,19,2015,6,43,48,50,8,7,2
Powerball,8,22,2015,12,14,21,4,55,7,4
Powerball,8,26,2015,22,56,2,45,32,12,5
Powerball,8,29,2015,25,18,29,21,28,16,2
Powerball,9,2,2015,17,46,22,30,56,16,3
Powerball,9,5,2015,29,10,18,16,45,19,2
Powerball,9,9,2015,50,44,45,51,47,8,2
Powerball,9,12,2015,35,3,16,2,13,27,3
Powerball,9,16,2015,7,5,39,24,31,7,3
Powerball,9,19,2015,12,43,17,26,48,24,2
Powerball,9,23,2015,8,29,51,58,41,5,2
Powerball,9,26,2015,23,57,42,31,50,5,3
Powerball,9,30,2015,40,59,21,39,55,17,3
Powerball,10,3,2015,33,6,46,44,26,4,2
Powerball,10,7,2015,52,40,48,18,30,9,3
Powerball,10,10,2015,27,68,12,43,29,1,2
Powerball,10,14,2015,20,15,31,40,29,1,2
Powerball,10,17,2015,57,62,69,49,48,19,3
Powerball,10,21,2015,57,32,30,42,56,11,4
Powerball,10,24,2015,20,31,56,64,60,2,3
Powerball,10,28,2015,56,62,54,63,4,10,2
Powerball,10,31,2015,9,47,20,25,68,7,2
Powerball,11,4,2015,12,2,17,20,65,17,4
Powerball,11,7,2015,50,53,7,16,25,15,2
Powerball,11,11,2015,26,4,32,55,64,18,3
Powerball,11,14,2015,66,37,22,14,45,5,3
Powerball,11,18,2015,40,17,46,69,41,6,2
Powerball,11,21,2015,37,57,47,50,52,21,3
Powerball,11,25,2015,53,16,69,58,29,21,2
Powerball,11,28,2015,47,2,66,67,6,2,3
Powerball,12,2,2015,14,18,19,64,32,9,2
Powerball,12,5,2015,47,33,68,27,13,13,2
Powerball,12,9,2015,16,46,10,56,7,1,2
Powerball,12,12,2015,62,2,30,19,14,22,2
Powerball,12,16,2015,9,42,10,55,32,6,2
Powerball,12,19,2015,30,68,59,41,28,10,2
Powerball,12,23,2015,67,16,63,38,55,25,4
Powerball,12,26,2015,65,40,44,59,27,20,2
Powerball,12,30,2015,12,61,54,38,36,22,3
Powerball,1,2,2016,42,15,6,5,29,10,2
Powerball,1,6,2016,47,2,63,62,11,17,3
Powerball,1,9,2016,32,16,19,57,34,13,3
Powerball,1,13,2016,8,27,34,4,19,10,2
Powerball,1,16,2016,61,52,51,64,3,6,2
Powerball,1,20,2016,44,5,39,69,47,24,5
Powerball,1,23,2016,32,22,40,69,34,19,4
Powerball,1,27,2016,40,52,3,67,12,21,2
Powerball,1,30,2016,16,5,12,31,43,18,4
Powerball,2,3,2016,26,60,67,31,28,23,3
Powerball,2,6,2016,13,4,36,31,52,8,3
Powerball,2,10,2016,2,62,40,50,3,5,2
Powerball,2,13,2016,7,15,36,18,19,20,2
Powerball,2,17,2016,29,27,7,40,17,25,2
Powerball,2,20,2016,54,12,11,16,15,25,5
Powerball,2,24,2016,67,21,65,31,64,5,3
Powerball,2,27,2016,22,11,53,21,10,18,3
Powerball,3,2,2016,62,52,13,12,44,6,2
Powerball,3,5,2016,3,34,27,59,69,19,2
Powerball,3,9,2016,32,34,14,23,68,3,3
Powerball,3,12,2016,28,11,50,57,62,23,2
Powerball,3,16,2016,46,50,12,13,10,21,3
Powerball,3,19,2016,11,60,23,54,43,3,3
Powerball,3,23,2016,22,15,49,5,8,25,3
Powerball,3,26,2016,23,42,68,52,11,6,3
Powerball,3,30,2016,55,24,63,53,44,19,2
Powerball,4,2,2016,9,61,28,40,30,3,2
Powerball,4,6,2016,65,28,49,60,4,25,2
Powerball,4,9,2016,14,23,41,61,22,9,3
Powerball,4,13,2016,30,35,38,33,64,22,3
Powerball,4,16,2016,32,3,25,51,18,3,2
Powerball,4,20,2016,62,30,12,25,52,8,3
Powerball,4,23,2016,46,62,59,35,19,13,5
Powerball,4,27,2016,25,39,64,2,33,17,2
Powerball,4,30,2016,32,16,3,34,12,14,3
Powerball,5,4,2016,47,69,30,66,57,3,3
Powerball,5,7,2016,25,66,44,5,26,9,2
Powerball,5,11,2016,69,32,52,66,20,23,3
Powerball,5,14,2016,64,27,65,13,47,9,3
Powerball,5,18,2016,25,67,39,23,54,11,3
Powerball,5,21,2016,9,32,5,7,23,26,4
Powerball,5,25,2016,64,24,59,41,11,15,3
Powerball,5,28,2016,6,34,33,59,58,12,2
Powerball,6,1,2016,40,69,33,23,30,12,5
Powerball,6,4,2016,20,16,43,64,22,17,2
Powerball,6,8,2016,37,69,12,25,60,20,3
Powerball,6,11,2016,36,58,27,41,20,7,2
Powerball,6,15,2016,33,4,24,31,22,10,2
Powerball,6,18,2016,53,2,23,63,41,11,2
Powerball,6,22,2016,14,42,43,52,40,17,3
Powerball,6,25,2016,36,3,56,69,27,25,2
Powerball,6,29,2016,29,37,23,64,60,6,2
Powerball,7,2,2016,63,39,59,34,10,4,2
Powerball,7,6,2016,66,57,2,31,24,18,3
Powerball,7,9,2016,32,28,10,64,61,12,3
Powerball,7,13,2016,57,15,29,3,54,10,3
Powerball,7,16,2016,11,50,40,17,62,26,2
Powerball,7,20,2016,6,58,66,25,35,5,2
Powerball,7,23,2016,39,5,35,7,23,11,2
Powerball,7,27,2016,10,47,68,65,50,24,2
Powerball,7,30,2016,32,21,17,23,11,5,2
Powerball,8,3,2016,66,27,11,9,67,2,3
Powerball,8,6,2016,52,33,47,36,20,12,3
Powerball,8,10,2016,64,56,61,23,67,12,5
Powerball,8,13,2016,44,38,64,69,60,6,2
Powerball,8,17,2016,44,49,33,50,52,8,3
Powerball,8,20,2016,68,3,21,6,60,24,2
Powerball,8,24,2016,25,11,9,65,64,16,3
Powerball,8,27,2016,48,32,63,4,49,20,2
Powerball,8,31,2016,10,56,24,61,5,12,2
Powerball,9,3,2016,39,59,7,67,50,25,3
Powerball,9,7,2016,23,55,33,22,29,21,2
Powerball,9,10,2016,3,17,49,68,55,8,2
Powerball,9,14,2016,10,31,23,28,11,14,2
Powerball,9,17,2016,51,19,9,62,55,14,4
Powerball,9,21,2016,63,67,1,69,28,17,4
Powerball,9,24,2016,15,7,29,41,20,22,2
Powerball,9,28,2016,30,53,62,38,52,1,3
Powerball,10,1,2016,12,64,50,61,2,1,2
Powerball,10,5,2016,60,29,18,27,8,15,2
Powerball,10,8,2016,3,64,68,61,54,9,2
Powerball,10,12,2016,34,44,30,16,37,16,2
Powerball,10,15,2016,64,49,57,23,67,20,2
Powerball,10,19,2016,43,63,16,38,10,23,2
Powerball,10,22,2016,1,55,33,28,56,22,2
Powerball,10,26,2016,48,56,2,16,3,24,2
Powerball,10,29,2016,42,48,20,21,19,23,3
Powerball,11,2,2016,18,54,61,13,37,5,2
Powerball,11,5,2016,31,50,69,21,51,8,3
Powerball,11,9,2016,28,31,54,25,1,2,2
Powerball,11,12,2016,20,8,27,52,17,24,2
Powerball,11,16,2016,28,61,63,41,65,7,2
Powerball,11,19,2016,24,61,43,16,28,21,2
Powerball,11,23,2016,7,61,41,47,32,3,2
Powerball,11,26,2016,21,17,37,44,19,16,2
Powerball,11,30,2016,3,45,25,14,18,7,2
Powerball,12,3,2016,27,26,33,8,10,22,2
Powerball,12,7,2016,49,64,48,41,53,20,2
Powerball,12,10,2016,32,21,12,44,66,15,2
Powerball,12,14,2016,39,18,66,37,26,15,3
Powerball,12,17,2016,16,40,8,48,1,10,2
Powerball,12,21,2016,25,68,40,54,33,3,5
Powerball,12,24,2016,38,52,42,51,28,21,2
Powerball,12,28,2016,30,23,44,58,16,4,2
Powerball,12,31,2016,1,28,3,67,57,9,2
Powerball,1,4,2017,17,16,42,41,29,4,3
Powerball,1,7,2017,37,63,12,24,3,10,2
Powerball,1,11,2017,1,16,13,43,3,24,2
Powerball,1,14,2017,55,69,23,64,59,13,5
Powerball,1,18,2017,41,9,58,40,53,12,2
Powerball,1,21,2017,45,25,23,67,52,2,2
Powerball,1,25,2017,18,62,66,68,28,22,2
Powerball,1,28,2017,39,12,49,69,20,17,2
Powerball,2,1,2017,9,60,64,43,57,10,2
Powerball,2,4,2017,52,17,16,13,6,25,3
Powerball,2,8,2017,49,20,42,14,66,5,2
Powerball,2,11,2017,37,64,17,9,5,2,2
Powerball,2,15,2017,33,5,42,38,28,19,2
Powerball,2,18,2017,9,3,33,7,31,20,3
Powerball,2,22,2017,52,10,61,28,13,2,2
Powerball,2,25,2017,6,62,32,47,65,19,2
Powerball,3,1,2017,16,10,52,40,55,17,10
Powerball,3,4,2017,2,22,63,19,18,19,3
Powerball,3,8,2017,42,23,59,46,33,4,2
Powerball,3,11,2017,57,41,50,26,1,11,2
Powerball,3,15,2017,30,16,41,48,53,16,3
Powerball,3,18,2017,25,67,54,44,13,5,3
Powerball,3,22,2017,2,29,9,27,42,9,2
Powerball,3,25,2017,32,18,31,48,45,16,4
Powerball,3,29,2017,8,62,31,36,15,11,3
Powerball,4,1,2017,65,9,44,36,32,1,3
Powerball,4,5,2017,53,20,54,46,8,13,2
Powerball,4,8,2017,51,53,36,23,60,15,2
Powerball,4,12,2017,68,63,14,8,61,24,2
Powerball,4,15,2017,61,26,45,5,22,13,3
Powerball,4,19,2017,1,19,52,40,37,15,3
Powerball,4,22,2017,39,21,48,41,63,6,3
Powerball,4,26,2017,18,1,51,15,26,26,4
Powerball,4,29,2017,24,22,23,62,45,5,2
Powerball,5,3,2017,18,49,66,17,59,9,2
Powerball,5,6,2017,31,21,11,41,59,21,3
Powerball,5,10,2017,62,31,56,46,29,8,2
Powerball,5,13,2017,68,17,20,63,32,19,5
Powerball,5,17,2017,39,4,48,45,11,9,3
Powerball,5,20,2017,45,5,47,54,22,3,2
Powerball,5,24,2017,38,28,33,32,62,15,2
Powerball,5,27,2017,55,10,5,67,28,9,3
Powerball,5,31,2017,60,39,33,4,46,6,2
Powerball,6,3,2017,54,41,9,3,21,25,4
Powerball,6,7,2017,66,57,5,69,21,13,3
Powerball,6,10,2017,32,26,20,38,58,3,2
Powerball,6,14,2017,63,22,5,43,57,24,2
Powerball,6,17,2017,13,62,10,53,32,21,2
Powerball,6,21,2017,65,14,46,68,61,13,2
Powerball,6,24,2017,36,32,22,58,10,10,4
Powerball,6,28,2017,46,37,29,53,68,8,2
Powerball,7,1,2017,45,19,42,53,48,16,3
Powerball,7,5,2017,54,9,68,4,16,21,2
Powerball,7,8,2017,29,8,40,59,10,26,2
Powerball,7,12,2017,18,23,2,61,1,9,2
Powerball,7,15,2017,40,66,9,64,63,17,2
Powerball,7,19,2017,63,51,59,61,50,4,5
Powerball,7,22,2017,44,32,60,5,53,9,3
Powerball,7,26,2017,19,42,21,7,69,12,2
Powerball,7,29,2017,1,40,28,48,45,12,2
Powerball,8,2,2017,16,1,54,63,69,18,3
Powerball,8,5,2017,33,21,45,11,28,11,2
Powerball,8,9,2017,12,30,47,62,36,9,4
Powerball,8,12,2017,35,20,49,26,24,19,2
Powerball,8,16,2017,64,43,60,9,15,4,3
Powerball,8,19,2017,17,68,19,43,39,13,4
Powerball,8,23,2017,7,26,16,23,6,4,4
Powerball,8,26,2017,66,15,7,38,32,15,2
Powerball,8,30,2017,43,19,69,28,67,7,2
Powerball,9,2,2017,62,41,21,52,6,26,2
Powerball,9,6,2017,32,14,8,58,67,17,3
Powerball,9,9,2017,59,20,6,57,29,22,2
Powerball,9,13,2017,24,63,35,57,17,19,3
Powerball,9,16,2017,31,24,25,17,18,24,2
Powerball,9,20,2017,68,48,67,39,53,26,3
Powerball,9,23,2017,45,24,56,55,57,19,2
Powerball,9,27,2017,21,25,10,23,8,22,3
Powerball,9,30,2017,8,25,12,41,64,15,3
Powerball,10,4,2017,23,63,62,66,22,24,2
Powerball,10,7,2017,61,10,49,65,63,7,2
Powerball,10,11,2017,1,69,19,3,13,23,2
Powerball,10,14,2017,56,37,69,32,66,11,3
Powerball,10,18,2017,69,54,49,30,66,8,2
Powerball,10,21,2017,14,45,69,41,42,4,2
Powerball,10,25,2017,57,54,29,22,18,8,3
Powerball,10,28,2017,35,27,57,66,38,10,2
Powerball,11,1,2017,26,3,19,6,44,1,2
Powerball,11,4,2017,51,48,12,26,14,13,3
Powerball,11,8,2017,12,21,14,34,20,22,2
Powerball,11,11,2017,56,6,4,30,16,18,2
Powerball,11,15,2017,48,32,44,50,23,25,2
Powerball,11,18,2017,17,31,28,32,39,26,3
Powerball,11,22,2017,61,51,37,46,35,13,2
Powerball,11,25,2017,53,8,54,27,13,4,2
Powerball,11,29,2017,59,28,26,24,63,16,3
Powerball,12,2,2017,32,30,36,28,58,6,3
Powerball,12,6,2017,50,19,55,62,20,9,2
Powerball,12,9,2017,36,60,55,37,25,6,5
Powerball,12,13,2017,2,28,51,58,24,7,3
Powerball,12,16,2017,35,63,37,9,50,11,2
Powerball,12,20,2017,20,61,64,1,69,20,2
Powerball,12,23,2017,44,15,1,13,3,25,2
Powerball,12,27,2017,16,60,3,56,9,3,3
Powerball,12,30,2017,58,28,51,41,36,24,2
Powerball,1,3,2018,42,39,18,2,37,12,3
Powerball,1,6,2018,12,61,30,29,33,26,3
Powerball,1,10,2018,7,24,50,49,33,4,5
Powerball,1,13,2018,69,25,35,14,58,24,2
Powerball,1,17,2018,33,51,3,37,57,21,2
Powerball,1,20,2018,28,26,58,47,49,3,4
Powerball,1,24,2018,11,9,5,33,64,21,3
Powerball,1,27,2018,54,26,17,21,47,7,2
Powerball,1,31,2018,7,4,14,59,46,22,10
Powerball,2,3,2018,15,48,23,27,53,6,2
Powerball,2,7,2018,40,35,34,47,23,10,2
Powerball,2,10,2018,27,13,41,59,1,20,5
Powerball,2,14,2018,44,46,37,39,69,26,2
Powerball,2,17,2018,26,62,39,13,44,2,3
Powerball,2,21,2018,7,36,31,15,34,8,3
Powerball,2,24,2018,38,25,62,63,24,6,2
Powerball,2,28,2018,69,12,65,59,30,16,5
Powerball,3,3,2018,40,17,36,25,13,5,2
Powerball,3,7,2018,36,6,19,13,51,18,2
Powerball,3,10,2018,69,43,54,44,61,22,3
Powerball,3,14,2018,12,24,6,41,68,9,3
Powerball,3,17,2018,60,66,22,59,57,7,2
Powerball,3,21,2018,29,4,61,3,18,25,2
Powerball,3,24,2018,33,56,53,10,45,24,3
Powerball,3,28,2018,53,8,52,6,26,21,2
Powerball,3,31,2018,24,55,52,61,8,21,3
Powerball,4,4,2018,42,64,54,8,24,24,4
Powerball,4,7,2018,38,2,20,17,39,20,2
Powerball,4,11,2018,67,18,16,55,27,18,3
Powerball,4,14,2018,61,17,19,26,62,15,2
Powerball,4,18,2018,12,17,10,9,23,9,2
Powerball,4,21,2018,50,69,54,62,40,19,2
Powerball,4,25,2018,18,17,39,64,56,12,3
Powerball,4,28,2018,28,50,22,45,20,8,5
Powerball,5,2,2018,40,5,31,50,14,6,2
Powerball,5,5,2018,29,36,14,61,57,17,4
Powerball,5,9,2018,50,69,16,38,11,19,2
Powerball,5,12,2018,42,56,22,55,45,14,3
Powerball,5,16,2018,17,22,21,19,51,19,2
Powerball,5,19,2018,56,9,17,3,6,25,3
Powerball,5,23,2018,20,54,61,56,64,7,4
Powerball,5,26,2018,45,31,21,1,49,21,2
Powerball,5,30,2018,46,23,26,17,68,20,2
Powerball,6,2,2018,23,37,64,44,25,7,4
Powerball,6,6,2018,53,28,41,23,56,14,3
Powerball,6,9,2018,36,10,25,6,15,14,3
Powerball,6,13,2018,13,38,45,20,55,1,2
Powerball,6,16,2018,65,9,58,57,45,9,2
Powerball,6,20,2018,14,56,27,4,23,13,2
Powerball,6,23,2018,29,56,45,16,43,25,2
Powerball,6,27,2018,63,28,62,7,37,15,2
Powerball,6,30,2018,9,3,20,42,61,24,2
Powerball,7,4,2018,7,41,15,4,44,10,2
Powerball,7,7,2018,45,43,1,10,64,22,3
Powerball,7,11,2018,21,19,47,27,46,7,4
Powerball,7,14,2018,49,22,41,67,42,11,3
Powerball,7,18,2018,28,36,10,1,27,12,2
Powerball,7,21,2018,9,56,58,23,68,1,2
Powerball,7,25,2018,64,44,18,2,41,26,2
Powerball,7,28,2018,27,65,56,46,22,13,2
Powerball,8,1,2018,5,38,22,58,32,26,2
Powerball,8,4,2018,38,58,3,11,44,2,4
Powerball,8,8,2018,21,63,30,43,10,17,2
Powerball,8,11,2018,56,43,5,68,62,24,2
Powerball,8,15,2018,28,15,12,47,48,16,2
Powerball,8,18,2018,34,67,52,61,24,16,3
Powerball,8,22,2018,45,1,47,69,7,13,2
Powerball,8,25,2018,25,20,57,63,54,8,2
Powerball,8,29,2018,53,25,41,67,57,12,2
Powerball,9,1,2018,54,66,55,61,11,9,3
Powerball,9,5,2018,59,60,6,50,15,13,2
Powerball,9,8,2018,20,32,3,33,13,21,3
Powerball,9,12,2018,28,48,63,6,64,24,2
Powerball,9,15,2018,19,18,24,34,2,3,3
Powerball,9,19,2018,50,4,51,48,39,11,3
Powerball,9,22,2018,61,24,69,64,63,18,5
Powerball,9,26,2018,7,1,30,50,2,8,5
Powerball,9,29,2018,9,17,34,59,64,22,2
Powerball,10,3,2018,63,66,53,59,41,3,3
Powerball,10,6,2018,22,53,27,67,1,15,3
Powerball,10,10,2018,27,60,42,23,8,7,3
Powerball,10,13,2018,14,65,11,43,32,15,3
Powerball,10,17,2018,3,64,69,68,57,15,3
Powerball,10,20,2018,62,16,54,57,69,23,2
Powerball,10,24,2018,56,53,45,21,3,22,2
Powerball,10,27,2018,13,12,8,27,19,4,3
Powerball,10,31,2018,40,39,47,7,25,20,3
Powerball,11,3,2018,24,65,21,32,15,11,3
Powerball,11,7,2018,50,28,34,42,26,25,2
Powerball,11,10,2018,53,29,5,57,34,24,2
Powerball,11,14,2018,49,62,42,7,69,23,5
Powerball,11,17,2018,8,6,68,20,52,5,2
Powerball,11,21,2018,14,23,38,7,55,18,2
Powerball,11,24,2018,56,33,58,51,11,18,2
Powerball,11,28,2018,4,68,59,69,19,21,2
Powerball,12,1,2018,10,58,47,11,55,26,2
Powerball,12,5,2018,36,38,9,11,37,11,5
Powerball,12,8,2018,61,14,34,32,46,10,2
Powerball,12,12,2018,9,64,29,21,4,26,2
Powerball,12,15,2018,8,38,55,52,43,17,3
Powerball,12,19,2018,43,31,29,37,15,16,2
Powerball,12,22,2018,40,59,28,21,30,26,3
Powerball,12,26,2018,52,38,25,67,5,24,2
Powerball,12,29,2018,51,53,42,62,12,25,2
Powerball,1,2,2019,56,46,42,12,8,12,2
Powerball,1,5,2019,15,27,69,7,3,19,2
Powerball,1,9,2019,19,59,37,6,49,22,3
Powerball,1,12,2019,57,58,7,36,48,24,2
Powerball,1,16,2019,14,61,29,31,56,1,2
Powerball,1,19,2019,5,65,8,66,41,20,3
Powerball,1,23,2019,50,25,48,23,47,24,3
Powerball,1,26,2019,12,8,21,32,20,10,4
Powerball,1,30,2019,16,2,12,29,54,6,2
Powerball,2,2,2019,10,43,17,18,65,13,5
Powerball,2,6,2019,13,28,5,63,38,21,5
Powerball,2,9,2019,7,39,2,3,1,25,3
Powerball,2,13,2019,2,24,8,69,14,26,2
Powerball,2,16,2019,48,30,41,64,29,1,4
Powerball,2,20,2019,50,52,49,51,27,2,2
Powerball,2,23,2019,32,4,20,6,14,13,2
Powerball,2,27,2019,49,31,59,42,21,23,5
Powerball,3,2,2019,27,68,25,19,1,21,2
Powerball,3,6,2019,21,35,10,6,46,23,2
Powerball,3,9,2019,45,5,59,55,6,14,3
Powerball,3,13,2019,69,36,45,47,18,14,3
Powerball,3,16,2019,67,30,34,39,53,11,2
Powerball,3,20,2019,10,53,50,63,14,21,2
Powerball,3,23,2019,66,52,60,24,25,5,3
Powerball,3,27,2019,44,62,20,37,16,12,3
Powerball,3,30,2019,54,52,21,64,68,4,3
Powerball,4,3,2019,25,16,32,49,19,18,2
Powerball,4,6,2019,33,43,60,59,15,8,3
Powerball,4,10,2019,39,12,21,23,67,6,4
Powerball,4,13,2019,17,26,32,4,49,10,2
Powerball,4,17,2019,15,46,66,17,1,15,3
Powerball,4,20,2019,3,63,27,65,30,1,3
Powerball,4,24,2019,35,65,32,36,6,4,5
Powerball,4,27,2019,45,29,62,41,2,6,3
Powerball,5,1,2019,66,28,23,56,5,17,5
Powerball,5,4,2019,30,6,23,16,61,2,2
Powerball,5,8,2019,66,64,45,53,1,3,3
Powerball,5,11,2019,40,9,8,6,37,26,2
Powerball,5,15,2019,33,68,61,17,7,4,2
Powerball,5,18,2019,2,10,66,67,25,26,4
Powerball,5,22,2019,7,44,57,10,20,3,2
Powerball,5,25,2019,43,39,2,66,1,2,3
Powerball,5,29,2019,61,3,42,32,34,7,2
Powerball,6,1,2019,34,45,6,52,15,8,2
Powerball,6,5,2019,38,17,28,34,23,8,3
Powerball,6,8,2019,13,9,48,42,60,18,2
Powerball,6,12,2019,42,57,35,38,5,13,2
Powerball,6,15,2019,8,11,49,16,14,14,3
Powerball,6,19,2019,26,38,21,4,18,1,3
Powerball,6,22,2019,66,14,3,6,11,21,2
Powerball,6,26,2019,54,22,16,1,5,24,3
Powerball,6,29,2019,59,13,24,62,17,8,2
Powerball,7,3,2019,50,45,43,40,61,25,3
Powerball,7,6,2019,4,8,46,23,65,1,2
Powerball,7,10,2019,7,68,9,26,44,3,3
Powerball,7,13,2019,32,35,13,23,68,21,3
Powerball,7,17,2019,19,47,68,60,43,10,2
Powerball,7,20,2019,5,64,36,26,69,19,3
Powerball,7,24,2019,29,53,56,35,22,13,2
Powerball,7,27,2019,61,19,1,48,31,6,2
Powerball,7,31,2019,14,37,67,47,55,6,2
Powerball,8,3,2019,45,68,3,6,66,13,2
Powerball,8,7,2019,47,8,59,32,53,3,3
Powerball,8,10,2019,41,59,58,44,35,3,3
Powerball,8,14,2019,51,69,30,10,13,10,2
Powerball,8,17,2019,24,30,18,21,60,20,3
Powerball,8,21,2019,22,32,21,12,29,21,2
Powerball,8,24,2019,47,20,12,21,5,1,2
Powerball,8,28,2019,32,9,41,56,37,14,10
Powerball,8,31,2019,41,50,14,56,57,18,5
Powerball,9,4,2019,52,30,8,4,59,2,10
Powerball,9,7,2019,41,56,20,11,42,6,2
Powerball,9,11,2019,53,24,57,6,17,3,3
Powerball,9,14,2019,31,11,27,36,67,11,2
Powerball,9,18,2019,14,19,47,51,39,15,3
Powerball,9,21,2019,1,68,36,22,9,22,2
Powerball,9,25,2019,44,43,37,45,53,25,3
Powerball,9,28,2019,51,55,34,15,23,4,2
Powerball,10,2,2019,43,53,8,10,4,7,2
Powerball,10,5,2019,6,51,36,54,14,4,2
Powerball,10,9,2019,5,43,65,18,33,2,2
Powerball,10,12,2019,12,34,53,65,29,23,2
Powerball,10,16,2019,67,1,25,5,63,3,2
Powerball,10,19,2019,65,27,59,14,29,12,2
Powerball,10,23,2019,61,50,12,5,69,23,2
Powerball,10,26,2019,3,54,20,59,48,4,4
Powerball,10,30,2019,56,67,52,19,22,21,2
Powerball,11,2,2019,23,37,32,58,3,22,2
Powerball,11,6,2019,64,46,28,62,15,17,3
Powerball,11,9,2019,14,38,60,35,17,25,2
Powerball,11,13,2019,23,28,66,27,26,11,2
Powerball,11,16,2019,26,55,63,14,22,26,3
Powerball,11,20,2019,40,15,39,57,7,12,2
Powerball,11,23,2019,38,28,66,35,61,23,3
Powerball,11,27,2019,26,55,37,53,15,21,2
Powerball,11,30,2019,42,35,15,63,68,18,4
Powerball,12,4,2019,8,44,61,51,27,14,3
Powerball,12,7,2019,66,53,18,42,62,25,3
Powerball,12,11,2019,24,42,29,44,63,10,4
Powerball,12,14,2019,6,32,3,12,64,19,3
Powerball,12,18,2019,39,26,68,18,14,9,2
Powerball,12,21,2019,50,35,67,19,31,14,2
Powerball,12,25,2019,4,16,2,30,46,20,2
Powerball,12,28,2019,59,23,39,20,60,18,2
Powerball,1,1,2020,49,53,57,59,62,26,2
Powerball,1,4,2020,54,1,25,21,11,7,2
Powerball,1,8,2020,7,43,56,4,2,22,4
Powerball,1,11,2020,23,59,31,3,21,3,2
Powerball,1,15,2020,39,55,53,41,68,19,2
Powerball,1,18,2020,24,68,20,38,56,18,2
Powerball,1,22,2020,33,59,44,67,11,8,3
Powerball,1,25,2020,36,17,2,67,9,18,2
Powerball,1,29,2020,12,60,9,15,31,2,2
Powerball,2,1,2020,33,60,54,57,12,13,4
Powerball,2,5,2020,57,41,35,30,23,2,3
Powerball,2,8,2020,59,66,35,50,49,6,2
Powerball,2,12,2020,55,68,47,54,14,25,2
Powerball,2,15,2020,32,16,36,46,35,3,3
Powerball,2,19,2020,15,10,12,56,19,19,2
Powerball,2,22,2020,61,62,37,39,25,11,3
Powerball,2,26,2020,27,29,36,47,8,24,3
Powerball,2,29,2020,24,50,46,44,51,13,3
Powerball,3,4,2020,68,60,18,43,58,14,2
Powerball,3,7,2020,15,62,7,21,33,23,2
Powerball,3,11,2020,29,50,67,4,49,2,4
Powerball,3,14,2020,26,32,9,23,30,8,3
Powerball,3,18,2020,27,15,59,44,63,8,4
Powerball,3,21,2020,69,23,2,59,40,13,2
Powerball,3,25,2020,42,9,5,27,39,16,2
Powerball,3,28,2020,40,7,55,66,48,11,2
Powerball,4,1,2020,60,45,48,33,35,16,2
Powerball,4,4,2020,40,43,31,8,39,4,3
Powerball,4,8,2020,48,54,39,2,37,5,3
Powerball,4,11,2020,29,47,30,22,42,17,3
Powerball,4,15,2020,10,33,41,12,36,2,3
Powerball,4,18,2020,46,63,56,4,44,19,2
Powerball,4,22,2020,1,40,69,33,35,24,5
Powerball,4,25,2020,1,21,3,57,47,18,2
Powerball,4,29,2020,49,61,67,2,20,20,2
Powerball,5,2,2020,58,33,13,68,16,24,5
Powerball,5,6,2020,65,8,7,50,35,20,4
Powerball,5,9,2020,42,12,65,48,18,19,5
Powerball,5,13,2020,57,54,53,56,39,20,3
Powerball,5,16,2020,8,12,26,42,39,11,2
Powerball,5,20,2020,42,40,50,18,34,9,2
Powerball,5,23,2020,2,23,8,18,21,16,4
Powerball,5,27,2020,58,38,59,64,68,21,3
Powerball,5,30,2020,32,13,58,41,60,14,2
Powerball,6,3,2020,64,26,1,3,41,17,2
Powerball,6,6,2020,68,38,69,1,17,18,2
Powerball,6,10,2020,33,10,41,54,52,18,5
Powerball,6,13,2020,65,12,2,32,50,5,3
Powerball,6,17,2020,10,7,68,64,63,10,3
Powerball,6,20,2020,67,10,31,63,41,5,3
Powerball,6,24,2020,15,22,46,27,33,23,3
Powerball,6,27,2020,36,56,49,62,9,8,2
Powerball,7,1,2020,53,28,15,52,63,18,4
Powerball,7,4,2020,60,16,21,27,61,6,2
Powerball,7,8,2020,36,10,3,34,62,5,10
Powerball,7,11,2020,61,14,19,62,64,4,2
Powerball,7,15,2020,61,69,47,27,62,4,10
Powerball,7,18,2020,32,59,13,58,16,9,2
Powerball,7,22,2020,16,36,25,44,55,14,3
Powerball,7,25,2020,36,5,62,21,61,18,2
Powerball,7,29,2020,7,40,29,35,45,26,2
Powerball,8,1,2020,43,48,36,25,6,24,3
Powerball,8,5,2020,65,7,14,57,17,24,5
Powerball,8,8,2020,14,2,3,40,51,24,3
Powerball,8,12,2020,18,6,36,2,37,21,2
Powerball,8,15,2020,5,34,56,45,12,3,3
Powerball,8,19,2020,13,47,55,23,58,23,10
Powerball,8,22,2020,36,19,42,30,66,14,3
Powerball,8,26,2020,8,19,47,58,12,2,2
Powerball,8,29,2020,22,5,21,29,43,10,2
Powerball,9,2,2020,11,20,4,69,1,18,2
Powerball,9,5,2020,27,15,22,47,21,7,2
Powerball,9,9,2020,55,27,64,52,60,21,3
Powerball,9,12,2020,16,67,17,53,20,4,2
Powerball,9,16,2020,31,10,17,51,53,1,2
Powerball,9,19,2020,14,47,57,23,11,14,4
Powerball,9,23,2020,8,17,52,59,49,1,2
Powerball,9,26,2020,62,36,11,21,27,24,3
Powerball,9,30,2020,67,49,18,14,36,18,2
Powerball,10,3,2020,18,47,31,43,36,20,2
Powerball,10,7,2020,6,56,53,30,24,19,2
Powerball,10,10,2020,23,50,18,40,5,18,3
Powerball,10,14,2020,37,52,58,53,21,5,2
Powerball,10,17,2020,6,31,37,10,44,23,2
Powerball,10,21,2020,44,13,1,3,56,26,3
Powerball,10,24,2020,27,65,45,20,18,6,2
Powerball,10,28,2020,37,40,11,28,53,13,2
Powerball,10,31,2020,40,2,42,55,6,24,3
Powerball,11,4,2020,49,33,45,23,32,14,2
Powerball,11,7,2020,16,14,58,37,48,18,2
Powerball,11,11,2020,63,13,45,17,15,13,2
Powerball,11,14,2020,45,32,7,18,15,20,2
Powerball,11,18,2020,17,4,43,5,52,5,2
Powerball,11,21,2020,69,54,57,51,60,11,2
Powerball,11,25,2020,57,2,65,58,60,26,2
Powerball,11,28,2020,12,51,44,8,18,18,2
Powerball,12,2,2020,40,28,31,41,46,4,3
Powerball,12,5,2020,4,53,6,48,3,10,2
Powerball,12,9,2020,47,31,14,48,11,4,3
Powerball,12,12,2020,56,17,54,63,69,20,2
Powerball,12,16,2020,37,4,67,23,61,7,2
Powerball,12,19,2020,27,52,43,32,34,13,2
Powerball,12,23,2020,6,38,53,39,13,6,3
Powerball,12,26,2020,35,53,27,24,10,18,2
Powerball,12,30,2020,45,65,43,61,3,14,2
Powerball,1,2,2021,3,67,41,4,11,5,2
Powerball,1,6,2021,1,66,20,22,60,3,3
Powerball,1,9,2021,45,46,26,14,38,13,2
Powerball,1,13,2021,49,4,23,25,19,14,2
Powerball,1,16,2021,67,20,65,14,39,2,3
Powerball,1,20,2021,53,60,40,68,69,22,3
Powerball,1,23,2021,8,5,17,28,27,14,3
Powerball,1,27,2021,35,52,17,42,33,9,3
Powerball,1,30,2021,61,2,7,52,1,4,3
Powerball,2,3,2021,64,66,40,5,37,5,3
Powerball,2,6,2021,48,1,65,16,49,8,2
Powerball,2,10,2021,67,63,58,15,39,7,2
Powerball,2,13,2021,68,33,20,63,28,20,2
Powerball,2,17,2021,15,46,21,1,32,1,3
Powerball,2,20,2021,22,8,32,4,58,4,10
Powerball,2,24,2021,65,33,4,53,43,21,3
Powerball,2,27,2021,44,31,2,52,28,18,3
Powerball,3,3,2021,55,44,21,50,40,16,3
Powerball,3,6,2021,50,11,58,52,31,18,4
Powerball,3,10,2021,44,17,53,18,37,18,3
Powerball,3,13,2021,56,61,11,51,5,2,2
Powerball,3,17,2021,62,61,38,34,42,19,2
Powerball,3,20,2021,6,61,42,1,22,4,3
Powerball,3,24,2021,38,27,4,17,9,18,2
Powerball,3,27,2021,39,65,6,14,38,6,3
Powerball,3,31,2021,3,55,10,44,68,24,2
Powerball,4,3,2021,39,17,12,53,1,5,2
Powerball,4,7,2021,27,66,35,39,51,16,5
Powerball,4,10,2021,16,53,23,50,14,3,3
Powerball,4,14,2021,13,45,33,30,61,14,2
Powerball,4,17,2021,41,21,26,10,49,25,2
Powerball,4,21,2021,25,32,21,67,63,6,2
Powerball,4,24,2021,36,61,59,22,48,22,3
Powerball,4,28,2021,16,35,53,18,39,21,3
Powerball,5,1,2021,47,36,63,35,61,3,3
Powerball,5,5,2021,63,28,16,40,23,1,2
Powerball,5,8,2021,20,17,12,21,26,8,3
Powerball,5,12,2021,20,19,1,38,54,17,2
Powerball,5,15,2021,39,4,10,37,69,24,3
Powerball,5,19,2021,11,69,13,56,55,4,2
Powerball,5,22,2021,40,3,27,37,19,8,2
Powerball,5,26,2021,21,62,34,8,2,16,2
Powerball,5,29,2021,13,11,46,22,27,20,2
Powerball,6,2,2021,67,7,6,11,66,19,3
Powerball,6,5,2021,64,52,44,69,54,26,3
Powerball,6,9,2021,54,46,28,50,19,9,2
Powerball,6,12,2021,8,41,38,25,34,10,3
Powerball,6,16,2021,19,34,50,44,29,25,2
Powerball,6,19,2021,38,22,4,39,35,20,2
Powerball,6,23,2021,20,40,63,13,51,1,3
Powerball,6,26,2021,31,60,43,8,39,17,3
Powerball,6,30,2021,50,66,24,65,29,14,4
Powerball,7,3,2021,26,55,40,41,65,24,2
Powerball,7,7,2021,8,49,57,30,21,8,2
Powerball,7,10,2021,29,1,62,5,54,3,2
Powerball,7,14,2021,52,62,33,59,46,10,2
Powerball,7,17,2021,54,38,22,15,66,3,2
Powerball,7,21,2021,27,44,67,28,68,11,2
Powerball,7,24,2021,4,11,67,1,59,10,2
Powerball,7,28,2021,53,25,60,59,30,5,3
Powerball,7,31,2021,21,22,34,1,47,4,2
Powerball,8,4,2021,36,5,21,58,32,14,2
Powerball,8,7,2021,24,54,7,60,36,23,2
Powerball,8,11,2021,18,12,29,20,30,16,3
Powerball,8,14,2021,6,65,49,67,21,18,2
Powerball,8,18,2021,36,61,55,51,35,26,2
Powerball,8,21,2021,59,39,36,16,28,4,2
Powerball,8,23,2021,47,17,61,36,60,15,3
Powerball,8,25,2021,39,59,27,54,56,24,3
Powerball,8,28,2021,12,59,46,26,22,26,2
Powerball,8,30,2021,61,3,51,45,15,8,2
Powerball,9,1,2021,10,20,29,48,51,17,2
Powerball,9,4,2021,54,32,35,40,52,1,5
Powerball,9,6,2021,33,11,54,22,20,24,2
Powerball,9,8,2021,22,9,41,61,47,21,2
Powerball,9,11,2021,40,38,31,20,49,21,2
Powerball,9,13,2021,37,63,61,50,40,21,3
Powerball,9,15,2021,46,4,62,1,18,25,3
Powerball,9,18,2021,45,39,5,57,36,11,2
Powerball,9,20,2021,58,51,37,54,60,19,2
Powerball,9,22,2021,47,63,20,40,55,5,3
Powerball,9,25,2021,37,23,62,22,63,19,3
Powerball,9,27,2021,44,21,22,39,60,12,2
Powerball,9,29,2021,32,17,2,7,11,11,3
Powerball,10,2,2021,42,38,47,52,28,1,2
Powerball,10,4,2021,66,12,22,54,69,15,2
Powerball,10,6,2021,17,64,52,1,58,1,10
Powerball,10,9,2021,62,12,30,17,45,5,2
Powerball,10,11,2021,20,11,33,39,65,24,3
Powerball,10,13,2021,47,23,59,29,60,15,2
Powerball,10,16,2021,30,48,31,41,42,3,3
Powerball,10,18,2021,53,30,63,48,32,12,2
Powerball,10,20,2021,7,41,29,43,36,5,2
Powerball,10,23,2021,30,10,57,63,51,20,2
Powerball,10,25,2021,29,58,44,10,27,24,2
Powerball,10,27,2021,3,26,51,35,6,17,4
Powerball,10,30,2021,56,23,28,5,43,19,2
Powerball,11,1,2021,44,9,25,34,45,8,3
Powerball,11,3,2021,50,1,57,24,2,26,2
Powerball,11,6,2021,64,8,48,30,57,9,2
Powerball,11,8,2021,47,46,62,57,21,8,3
Powerball,11,10,2021,46,25,43,48,19,14,2
Powerball,11,13,2021,45,15,35,26,8,9,3
Powerball,11,15,2021,53,31,51,34,5,23,2
Powerball,11,17,2021,48,3,60,16,52,1,3
Powerball,11,20,2021,48,59,40,69,43,19,3
Powerball,11,22,2021,7,67,20,29,38,22,2
Powerball,11,24,2021,65,16,63,10,32,17,2
Powerball,11,27,2021,32,55,66,64,8,10,2
Powerball,11,29,2021,28,26,18,38,47,17,2
Powerball,12,1,2021,12,57,38,15,63,24,2
Powerball,12,4,2021,56,45,10,40,67,2,2
Powerball,12,6,2021,3,21,59,50,38,6,3
Powerball,12,8,2021,33,50,7,3,69,24,2
Powerball,12,11,2021,25,53,44,3,64,10,2
Powerball,12,13,2021,10,37,59,53,30,4,2
Powerball,12,15,2021,19,20,59,40,42,15,3
Powerball,12,18,2021,61,24,51,6,2,1,2
Powerball,12,20,2021,13,66,2,23,34,2,4
Powerball,12,22,2021,16,68,48,7,19,15,2
Powerball,12,25,2021,29,45,58,55,27,2,3
Powerball,12,27,2021,62,45,36,64,38,19,2
Powerball,12,29,2021,39,6,9,33,2,11,2
Powerball,1,1,2022,39,48,12,50,6,7,2
Powerball,1,3,2022,2,33,13,32,48,22,2
Powerball,1,5,2022,25,6,14,33,46,17,2
Powerball,1,8,2022,21,20,65,36,60,13,10
Powerball,1,10,2022,17,21,14,27,18,9,2
Powerball,1,12,2022,21,22,30,12,33,24,4
Powerball,1,15,2022,3,59,37,51,18,13,2
Powerball,1,17,2022,46,65,24,35,9,22,2
Powerball,1,19,2022,11,43,61,15,55,10,3
Powerball,1,22,2022,67,14,8,33,36,17,2
Powerball,1,24,2022,11,53,47,30,29,16,3
Powerball,1,26,2022,69,38,49,4,11,16,3
Powerball,1,29,2022,54,2,15,65,38,11,4
Powerball,1,31,2022,61,10,69,51,15,14,3
Powerball,2,2,2022,33,62,18,63,29,15,3
Powerball,2,5,2022,39,61,27,16,5,24,2
Powerball,2,7,2022,65,5,15,38,47,10,3
Powerball,2,9,2022,63,17,51,2,33,26,2
Powerball,2,12,2022,10,8,41,21,62,7,3
Powerball,2,14,2022,49,55,16,27,25,17,3
Powerball,2,16,2022,40,22,48,30,42,16,2
Powerball,2,19,2022,10,3,15,42,33,11,2
Powerball,2,21,2022,37,45,36,69,2,3,2
Powerball,2,23,2022,64,35,17,6,21,18,2
Powerball,2,26,2022,48,32,36,64,15,19,3
Powerball,2,28,2022,21,7,39,47,55,19,2
Powerball,3,2,2022,63,61,48,19,37,12,2
Powerball,3,5,2022,37,23,52,63,8,13,2
Powerball,3,7,2022,59,67,10,55,43,2,3
Powerball,3,9,2022,34,13,22,67,51,10,2
Powerball,3,12,2022,19,39,37,61,20,8,2
Powerball,3,14,2022,21,28,32,49,44,6,3
Powerball,3,16,2022,58,35,28,34,3,17,2
Powerball,3,19,2022,9,52,18,8,48,6,2
Powerball,3,21,2022,26,15,65,63,1,16,2
Powerball,3,23,2022,37,38,31,32,48,24,2
Powerball,3,26,2022,2,50,10,59,61,6,3
Powerball,3,28,2022,62,11,18,58,39,3,2
Powerball,3,30,2022,37,3,31,21,7,11,3
Powerball,4,2,2022,58,59,47,28,6,18,2
Powerball,4,4,2022,2,39,69,32,46,6,2
Powerball,4,6,2022,6,45,47,42,64,18,3
Powerball,4,9,2022,62,31,66,6,16,18,2
Powerball,4,11,2022,5,34,24,31,7,4,2
Powerball,4,13,2022,63,68,41,16,14,26,2
Powerball,4,16,2022,62,32,15,65,21,26,5
Powerball,4,18,2022,8,33,59,55,62,18,2
Powerball,4,20,2022,55,30,56,20,45,14,2
Powerball,4,23,2022,49,10,56,39,47,8,3
Powerball,4,25,2022,18,61,12,39,20,10,2
Powerball,4,27,2022,62,68,61,11,36,4,2
Powerball,4,30,2022,21,37,44,63,14,1,3
Powerball,5,2,2022,18,39,44,33,27,8,5
Powerball,5,4,2022,55,63,69,39,37,23,2
Powerball,5,7,2022,5,28,6,67,4,10,2
Powerball,5,9,2022,18,56,30,35,52,5,2
Powerball,5,11,2022,61,5,7,69,63,18,2
Powerball,5,14,2022,6,52,40,45,41,9,3
Powerball,5,16,2022,7,22,15,36,64,13,2
Powerball,5,18,2022,64,41,40,58,65,17,3
Powerball,5,21,2022,15,52,25,58,14,11,2
Powerball,5,23,2022,42,37,33,1,39,26,2
Powerball,5,25,2022,42,19,28,39,57,17,3
Powerball,5,28,2022,66,50,61,39,2,15,2
Powerball,5,30,2022,51,69,28,68,27,22,2
Powerball,6,1,2022,41,56,63,11,57,2,2
Powerball,6,4,2022,60,52,14,16,36,16,3
Powerball,6,6,2022,10,2,44,35,46,4,2
Powerball,6,8,2022,39,43,62,22,64,7,4
Powerball,6,11,2022,26,53,69,20,18,5,2
Powerball,6,13,2022,2,44,42,51,27,25,2
Powerball,6,15,2022,28,19,42,41,51,7,2
Powerball,6,18,2022,40,45,10,19,58,25,2
Powerball,6,20,2022,3,44,69,61,63,13,2
Powerball,6,22,2022,10,56,6,31,48,12,3
Powerball,6,25,2022,12,20,32,27,6,4,3
Powerball,6,27,2022,13,30,37,18,11,16,3
Powerball,6,29,2022,63,40,8,49,58,14,3
Powerball,7,2,2022,59,10,9,37,62,26,3
Powerball,7,4,2022,16,15,56,31,24,4,2
Powerball,7,6,2022,36,32,69,49,62,13,2
Powerball,7,9,2022,42,22,52,46,14,24,3
Powerball,7,11,2022,52,37,34,4,26,9,2
Powerball,7,13,2022,22,23,47,63,36,2,2
Powerball,7,16,2022,23,57,32,18,3,21,2
Powerball,7,18,2022,36,14,50,58,34,5,3
Powerball,7,20,2022,20,10,65,23,49,22,3
Powerball,7,23,2022,59,39,41,54,62,12,3
Powerball,7,25,2022,25,37,38,39,65,5,2
Powerball,7,27,2022,25,55,1,44,57,26,2
Powerball,7,30,2022,17,4,58,68,57,12,3
Powerball,8,1,2022,31,65,36,15,21,16,3
Powerball,8,3,2022,9,66,21,57,56,11,2
Powerball,8,6,2022,15,8,46,56,68,3,2
Powerball,8,8,2022,58,45,51,57,32,12,2
Powerball,8,10,2022,68,59,61,44,29,19,2
Powerball,8,13,2022,43,35,24,62,19,2,10
Powerball,8,15,2022,20,50,47,63,24,5,2
Powerball,8,17,2022,41,23,55,50,28,24,2
Powerball,8,20,2022,16,11,9,66,5,7,2
Powerball,8,22,2022,12,55,67,27,34,9,2
Powerball,8,24,2022,37,35,6,24,44,22,4
Powerball,8,27,2022,2,65,60,18,56,14,3
Powerball,8,29,2022,69,61,43,13,36,18,3
Powerball,8,31,2022,24,19,7,8,28,1,2
Powerball,9,3,2022,18,27,65,49,69,9,2
Powerball,9,5,2022,4,7,55,32,64,25,2
Powerball,9,7,2022,3,33,16,30,36,20,3
Powerball,9,10,2022,56,68,38,42,69,4,2
Powerball,9,12,2022,66,14,34,6,16,25,3
Powerball,9,14,2022,20,10,22,52,9,25,3
Powerball,9,17,2022,5,25,36,61,51,1,3
Powerball,9,19,2022,7,15,67,46,36,7,2
Powerball,9,21,2022,33,34,6,54,45,7,2
Powerball,9,24,2022,3,21,29,24,9,14,2
Powerball,9,26,2022,31,33,13,20,59,20,3
Powerball,9,28,2022,10,67,33,24,6,11,3
Powerball,10,1,2022,69,22,21,65,8,26,2
Powerball,10,3,2022,55,63,2,16,22,22,4
Powerball,10,5,2022,26,37,33,62,30,6,2
Powerball,10,8,2022,53,60,68,43,13,5,2
Powerball,10,10,2022,17,3,22,11,6,11,2
Powerball,10,12,2022,59,30,42,14,41,6,5
Powerball,10,15,2022,32,62,40,58,37,15,5
Powerball,10,17,2022,46,30,36,19,60,25,3
Powerball,10,19,2022,27,42,15,8,6,10,3
Powerball,10,22,2022,55,25,60,19,48,18,2
Powerball,10,24,2022,23,45,54,35,18,16,4
Powerball,10,26,2022,46,37,19,56,36,24,2
Powerball,10,29,2022,40,19,57,31,46,23,3
Powerball,10,31,2022,19,13,39,59,36,13,3
Powerball,11,2,2022,22,11,60,2,35,23,2
Powerball,11,5,2022,69,53,45,56,28,20,3
Powerball,11,7,2022,56,41,33,47,10,10,2
Powerball,11,9,2022,14,24,7,30,56,7,2
Powerball,11,12,2022,58,57,20,44,16,6,4
Powerball,11,14,2022,54,67,19,53,35,21,2
Powerball,11,16,2022,53,56,28,34,51,11,2
Powerball,11,19,2022,62,63,28,7,64,10,3
Powerball,11,21,2022,1,67,51,40,6,2,2
Powerball,11,23,2022,31,2,1,39,66,25,2
Powerball,11,26,2022,15,30,47,50,51,3,10
Powerball,11,28,2022,48,30,50,32,29,20,2
Powerball,11,30,2022,4,24,47,66,19,10,2
Powerball,12,3,2022,13,36,37,6,33,7,4
Powerball,12,5,2022,35,54,55,45,47,14,2
Powerball,12,7,2022,61,59,28,6,44,21,2
Powerball,12,10,2022,23,9,68,49,47,19,2
Powerball,12,12,2022,55,16,50,31,61,9,4
Powerball,12,14,2022,36,51,68,66,59,25,10
Powerball,12,17,2022,56,33,66,68,64,12,2
Powerball,12,19,2022,55,37,65,7,67,12,5
Powerball,12,21,2022,34,15,59,24,12,14,2
Powerball,12,24,2022,37,17,67,54,46,8,3
Powerball,12,26,2022,60,41,47,17,61,17,3
Powerball,12,28,2022,32,38,45,26,56,1,2
